<?xml version="1.0" encoding="UTF-8"?><?xml-stylesheet type='text/xsl' href='_UpgradeReport_Files/UpgradeReport.xslt'?><UpgradeLog>
<Properties><Property Name="Solution" Value="Akıllı Tahta Sistemi">
</Property><Property Name="Solution File" Value="C:\Users\LAB4\Desktop\ATS\Akıllı Tahta Sistemi\Akıllı Tahta Sistemi\Akıllı Tahta Sistemi.sln">
</Property><Property Name="Date" Value="18 Ekim 2016 Salı">
</Property><Property Name="Time" Value="09:03">
</Property></Properties><Event ErrorLevel="0" Project="" Source="Akıllı Tahta Sistemi.sln" Description="File successfully backed up as C:\Users\LAB4\Desktop\ATS\Akıllı Tahta Sistemi\Akıllı Tahta Sistemi\Backup\Akıllı Tahta Sistemi.sln">
</Event><Event ErrorLevel="0" Project="Akıllı Tahta Sistemi" Source="Akıllı Tahta Sistemi\Akıllı Tahta Sistemi.csproj" Description="Project file successfully backed up as C:\Users\LAB4\Desktop\ATS\Akıllı Tahta Sistemi\Akıllı Tahta Sistemi\Backup\Akıllı Tahta Sistemi\Akıllı Tahta Sistemi.csproj">
</Event><Event ErrorLevel="0" Project="Akıllı Tahta Sistemi" Source="Akıllı Tahta Sistemi\Akıllı Tahta Sistemi.csproj.user" Description="Project user file successfully backed up as C:\Users\LAB4\Desktop\ATS\Akıllı Tahta Sistemi\Akıllı Tahta Sistemi\Backup\Akıllı Tahta Sistemi\Akıllı Tahta Sistemi.csproj.user">
</Event><Event ErrorLevel="0" Project="Akıllı Tahta Sistemi" Source="Akıllı Tahta Sistemi\SABANCI-ATS.cs" Description="File successfully backed up as C:\Users\LAB4\Desktop\ATS\Akıllı Tahta Sistemi\Akıllı Tahta Sistemi\Backup\Akıllı Tahta Sistemi\SABANCI-ATS.cs">
</Event><Event ErrorLevel="0" Project="Akıllı Tahta Sistemi" Source="Akıllı Tahta Sistemi\SABANCI-ATS.Designer.cs" Description="File successfully backed up as C:\Users\LAB4\Desktop\ATS\Akıllı Tahta Sistemi\Akıllı Tahta Sistemi\Backup\Akıllı Tahta Sistemi\SABANCI-ATS.Designer.cs">
</Event><Event ErrorLevel="0" Project="Akıllı Tahta Sistemi" Source="Akıllı Tahta Sistemi\Program.cs" Description="File successfully backed up as C:\Users\LAB4\Desktop\ATS\Akıllı Tahta Sistemi\Akıllı Tahta Sistemi\Backup\Akıllı Tahta Sistemi\Program.cs">
</Event><Event ErrorLevel="0" Project="Akıllı Tahta Sistemi" Source="Akıllı Tahta Sistemi\Properties\AssemblyInfo.cs" Description="File successfully backed up as C:\Users\LAB4\Desktop\ATS\Akıllı Tahta Sistemi\Akıllı Tahta Sistemi\Backup\Akıllı Tahta Sistemi\Properties\AssemblyInfo.cs">
</Event><Event ErrorLevel="0" Project="Akıllı Tahta Sistemi" Source="Akıllı Tahta Sistemi\Properties\Resources.Designer.cs" Description="File successfully backed up as C:\Users\LAB4\Desktop\ATS\Akıllı Tahta Sistemi\Akıllı Tahta Sistemi\Backup\Akıllı Tahta Sistemi\Properties\Resources.Designer.cs">
</Event><Event ErrorLevel="0" Project="Akıllı Tahta Sistemi" Source="Akıllı Tahta Sistemi\Properties\Settings.Designer.cs" Description="File successfully backed up as C:\Users\LAB4\Desktop\ATS\Akıllı Tahta Sistemi\Akıllı Tahta Sistemi\Backup\Akıllı Tahta Sistemi\Properties\Settings.Designer.cs">
</Event><Event ErrorLevel="0" Project="Akıllı Tahta Sistemi" Source="Akıllı Tahta Sistemi\Properties\app.manifest" Description="File successfully backed up as C:\Users\LAB4\Desktop\ATS\Akıllı Tahta Sistemi\Akıllı Tahta Sistemi\Backup\Akıllı Tahta Sistemi\Properties\app.manifest">
</Event><Event ErrorLevel="0" Project="Akıllı Tahta Sistemi" Source="Akıllı Tahta Sistemi\Properties\Settings.settings" Description="File successfully backed up as C:\Users\LAB4\Desktop\ATS\Akıllı Tahta Sistemi\Akıllı Tahta Sistemi\Backup\Akıllı Tahta Sistemi\Properties\Settings.settings">
</Event><Event ErrorLevel="0" Project="Akıllı Tahta Sistemi" Source="Akıllı Tahta Sistemi\App.config" Description="File successfully backed up as C:\Users\LAB4\Desktop\ATS\Akıllı Tahta Sistemi\Akıllı Tahta Sistemi\Backup\Akıllı Tahta Sistemi\App.config">
</Event><Event ErrorLevel="0" Project="Akıllı Tahta Sistemi" Source="Akıllı Tahta Sistemi\Resources\low-poly-1239778_960_720.jpg" Description="File successfully backed up as C:\Users\LAB4\Desktop\ATS\Akıllı Tahta Sistemi\Akıllı Tahta Sistemi\Backup\Akıllı Tahta Sistemi\Resources\low-poly-1239778_960_720.jpg">
</Event><Event ErrorLevel="0" Project="Akıllı Tahta Sistemi" Source="Akıllı Tahta Sistemi\logo1.ico" Description="File successfully backed up as C:\Users\LAB4\Desktop\ATS\Akıllı Tahta Sistemi\Akıllı Tahta Sistemi\Backup\Akıllı Tahta Sistemi\logo1.ico">
</Event><Event ErrorLevel="0" Project="Akıllı Tahta Sistemi" Source="Akıllı Tahta Sistemi\SABANCI-ATS.resx" Description="File successfully backed up as C:\Users\LAB4\Desktop\ATS\Akıllı Tahta Sistemi\Akıllı Tahta Sistemi\Backup\Akıllı Tahta Sistemi\SABANCI-ATS.resx">
</Event><Event ErrorLevel="0" Project="Akıllı Tahta Sistemi" Source="Akıllı Tahta Sistemi\Properties\Resources.resx" Description="File successfully backed up as C:\Users\LAB4\Desktop\ATS\Akıllı Tahta Sistemi\Akıllı Tahta Sistemi\Backup\Akıllı Tahta Sistemi\Properties\Resources.resx">
</Event><Event ErrorLevel="0" Project="Akıllı Tahta Sistemi" Source="Akıllı Tahta Sistemi\Akıllı Tahta Sistemi.csproj" Description="The project file does not require conversion.">
</Event><Event ErrorLevel="3" Project="Akıllı Tahta Sistemi" Source="Akıllı Tahta Sistemi\Akıllı Tahta Sistemi.csproj" Description="No Conversion Required">
</Event><Event ErrorLevel="0" Project="" Source="Akıllı Tahta Sistemi.sln" Description="Solution converted successfully">
</Event><Event ErrorLevel="3" Project="" Source="Akıllı Tahta Sistemi.sln" Description="Converted">
</Event></UpgradeLog>